<?xml version="1.0" encoding="UTF-8"?>
<GenRun Id="impl_1" LaunchPart="xc7a35tcpg236-1" LaunchTime="1733446290">
  <File Type="REPORTS-TCL" Name="home_automation_reports.tcl"/>
  <File Type="ROUTE-PWR-SUM" Name="home_automation_power_summary_routed.pb"/>
  <File Type="BITSTR-MMI" Name="home_automation.mmi"/>
  <File Type="OPT-DRC" Name="home_automation_drc_opted.rpt"/>
  <File Type="BG-DRC" Name="home_automation.drc"/>
  <File Type="ROUTE-STATUS-PB" Name="home_automation_route_status.pb"/>
  <File Type="BG-BGN" Name="home_automation.bgn"/>
  <File Type="PLACE-UTIL" Name="home_automation_utilization_placed.rpt"/>
  <File Type="PLACE-UTIL-PB" Name="home_automation_utilization_placed.pb"/>
  <File Type="PLACE-IO" Name="home_automation_io_placed.rpt"/>
  <File Type="BG-BIN" Name="home_automation.bin"/>
  <File Type="PLACE-CTRL" Name="home_automation_control_sets_placed.rpt"/>
  <File Type="ROUTE-PWR-RPX" Name="home_automation_power_routed.rpx"/>
  <File Type="ROUTE-DCP" Name="home_automation_routed.dcp"/>
  <File Type="BITSTR-MSK" Name="home_automation.msk"/>
  <File Type="BITSTR-RBT" Name="home_automation.rbt"/>
  <File Type="ROUTE-TIMINGSUMMARY" Name="home_automation_timing_summary_routed.rpt"/>
  <File Type="ROUTE-TIMING-RPX" Name="home_automation_timing_summary_routed.rpx"/>
  <File Type="ROUTE-STATUS" Name="home_automation_route_status.rpt"/>
  <File Type="PA-TCL" Name="home_automation.tcl"/>
  <File Type="ROUTE-PWR" Name="home_automation_power_routed.rpt"/>
  <File Type="ROUTE-DRC" Name="home_automation_drc_routed.rpt"/>
  <File Type="ROUTE-DRC-RPX" Name="home_automation_drc_routed.rpx"/>
  <File Type="ROUTE-DRC-PB" Name="home_automation_drc_routed.pb"/>
  <File Type="BITSTR-SYSDEF" Name="home_automation.sysdef"/>
  <File Type="ROUTE-METHODOLOGY-DRC" Name="home_automation_methodology_drc_routed.rpt"/>
  <File Type="ROUTE-METHODOLOGY-DRC-RPX" Name="home_automation_methodology_drc_routed.rpx"/>
  <File Type="BITSTR-LTX" Name="debug_nets.ltx"/>
  <File Type="BITSTR-LTX" Name="home_automation.ltx"/>
  <File Type="ROUTE-METHODOLOGY-DRC-PB" Name="home_automation_methodology_drc_routed.pb"/>
  <File Type="ROUTE-SIMILARITY" Name="home_automation_incremental_reuse_routed.rpt"/>
  <File Type="RDI-RDI" Name="home_automation.vdi"/>
  <File Type="ROUTE-CLK" Name="home_automation_clock_utilization_routed.rpt"/>
  <File Type="ROUTE-BUS-SKEW" Name="home_automation_bus_skew_routed.rpt"/>
  <File Type="ROUTE-BUS-SKEW-RPX" Name="home_automation_bus_skew_routed.rpx"/>
  <File Type="ROUTE-BUS-SKEW-PB" Name="home_automation_bus_skew_routed.pb"/>
  <File Type="POSTROUTE-PHYSOPT-TIMING" Name="home_automation_timing_summary_postroute_physopted.rpt"/>
  <File Type="POSTROUTE-PHYSOPT-TIMING-RPX" Name="home_automation_timing_summary_postroute_physopted.rpx"/>
  <File Type="POSTROUTE-PHYSOPT-TIMING-PB" Name="home_automation_timing_summary_postroute_physopted.pb"/>
  <File Type="POSTROUTE-PHYSOPT-BUS-SKEW" Name="home_automation_bus_skew_postroute_physopted.rpt"/>
  <File Type="POSTROUTE-PHYSOPT-BUS-SKEW-RPX" Name="home_automation_bus_skew_postroute_physopted.rpx"/>
  <File Type="BG-BIT" Name="home_automation.bit"/>
  <File Type="POSTROUTE-PHYSOPT-BUS-SKEW-PB" Name="home_automation_bus_skew_postroute_physopted.pb"/>
  <File Type="BITSTR-NKY" Name="home_automation.nky"/>
  <File Type="BITSTR-BMM" Name="home_automation_bd.bmm"/>
  <File Type="WBT-USG" Name="usage_statistics_webtalk.html"/>
  <File Type="OPT-HWDEF" Name="home_automation.hwdef"/>
  <File Type="PLACE-PRE-SIMILARITY" Name="home_automation_incremental_reuse_pre_placed.rpt"/>
  <File Type="ROUTE-ERROR-DCP" Name="home_automation_routed_error.dcp"/>
  <File Type="ROUTE-BLACKBOX-DCP" Name="home_automation_routed_bb.dcp"/>
  <File Type="ROUTE-TIMING-PB" Name="home_automation_timing_summary_routed.pb"/>
  <File Type="OPT-DCP" Name="home_automation_opt.dcp"/>
  <File Type="PLACE-DCP" Name="home_automation_placed.dcp"/>
  <File Type="PWROPT-DCP" Name="home_automation_pwropt.dcp"/>
  <File Type="POSTPLACE-PWROPT-DCP" Name="home_automation_postplace_pwropt.dcp"/>
  <File Type="PHYSOPT-DCP" Name="home_automation_physopt.dcp"/>
  <File Type="POSTROUTE-PHYSOPT-DCP" Name="home_automation_postroute_physopt.dcp"/>
  <File Type="POSTROUTE-PHYSOPT-BLACKBOX-DCP" Name="home_automation_postroute_physopt_bb.dcp"/>
  <File Type="PDI-FILE" Name="home_automation.pdi"/>
  <File Type="BOOT-PDI-FILE" Name="home_automation_boot.pdi"/>
  <File Type="PL-PDI-FILE" Name="home_automation_pld.pdi"/>
  <File Type="RCFI_FILE" Name="home_automation.rcfi"/>
  <File Type="CFI_FILE" Name="home_automation.cfi"/>
  <File Type="RNPI_FILE" Name="home_automation.rnpi"/>
  <File Type="NPI_FILE" Name="home_automation.npi"/>
  <File Type="RBD_FILE" Name="home_automation.rbd"/>
  <File Type="ROUTE-RQS" Name="home_automation_routed.rqs"/>
  <File Type="POSTROUTE-PHYSOPT-RQS" Name="home_automation_postroute_physopted.rqs"/>
  <File Type="ROUTE-RQS-RPT" Name="route_report_qor_suggestions_0.rpt"/>
  <File Type="POSTROUTE-PHYSOPT-RQS-RPT" Name="postroute_physopt_report_qor_suggestions_0.rpt"/>
  <FileSet Name="sources" Type="DesignSrcs" RelSrcDir="$PSRCDIR/sources_1" RelGenDir="$PGENDIR/sources_1">
    <Filter Type="Srcs"/>
    <File Path="$PSRCDIR/sources_1/new/security_system.v">
      <FileInfo>
        <Attr Name="UsedIn" Val="synthesis"/>
        <Attr Name="UsedIn" Val="implementation"/>
        <Attr Name="UsedIn" Val="simulation"/>
      </FileInfo>
    </File>
    <File Path="$PSRCDIR/sources_1/new/smart_lighting.v">
      <FileInfo>
        <Attr Name="UsedIn" Val="synthesis"/>
        <Attr Name="UsedIn" Val="implementation"/>
        <Attr Name="UsedIn" Val="simulation"/>
      </FileInfo>
    </File>
    <File Path="$PSRCDIR/sources_1/new/smart_plug.v">
      <FileInfo>
        <Attr Name="UsedIn" Val="synthesis"/>
        <Attr Name="UsedIn" Val="implementation"/>
        <Attr Name="UsedIn" Val="simulation"/>
      </FileInfo>
    </File>
    <File Path="$PSRCDIR/sources_1/new/smart_thermostat.v">
      <FileInfo>
        <Attr Name="UsedIn" Val="synthesis"/>
        <Attr Name="UsedIn" Val="implementation"/>
        <Attr Name="UsedIn" Val="simulation"/>
      </FileInfo>
    </File>
    <File Path="$PSRCDIR/sources_1/new/web_control.v">
      <FileInfo>
        <Attr Name="UsedIn" Val="synthesis"/>
        <Attr Name="UsedIn" Val="implementation"/>
        <Attr Name="UsedIn" Val="simulation"/>
      </FileInfo>
    </File>
    <File Path="$PSRCDIR/sources_1/new/topmodule.v">
      <FileInfo>
        <Attr Name="UsedIn" Val="synthesis"/>
        <Attr Name="UsedIn" Val="implementation"/>
        <Attr Name="UsedIn" Val="simulation"/>
      </FileInfo>
    </File>
    <Config>
      <Option Name="DesignMode" Val="RTL"/>
      <Option Name="TopModule" Val="home_automation"/>
      <Option Name="TopAutoSet" Val="TRUE"/>
    </Config>
  </FileSet>
  <FileSet Name="constrs_in" Type="Constrs" RelSrcDir="$PSRCDIR/constrs_1" RelGenDir="$PGENDIR/constrs_1">
    <Filter Type="Constrs"/>
    <Config>
      <Option Name="ConstrsType" Val="XDC"/>
    </Config>
  </FileSet>
  <FileSet Name="utils" Type="Utils" RelSrcDir="$PSRCDIR/utils_1" RelGenDir="$PGENDIR/utils_1">
    <Filter Type="Utils"/>
    <File Path="$PSRCDIR/utils_1/imports/synth_1/home_automation.dcp">
      <FileInfo>
        <Attr Name="UsedIn" Val="synthesis"/>
        <Attr Name="UsedIn" Val="implementation"/>
        <Attr Name="UsedInSteps" Val="synth_1"/>
        <Attr Name="AutoDcp" Val="1"/>
      </FileInfo>
    </File>
    <Config>
      <Option Name="TopAutoSet" Val="TRUE"/>
    </Config>
  </FileSet>
  <Strategy Version="1" Minor="2">
    <StratHandle Name="Vivado Implementation Defaults" Flow="Vivado Implementation 2024"/>
    <Step Id="init_design"/>
    <Step Id="opt_design"/>
    <Step Id="power_opt_design"/>
    <Step Id="place_design"/>
    <Step Id="post_place_power_opt_design"/>
    <Step Id="phys_opt_design"/>
    <Step Id="route_design"/>
    <Step Id="post_route_phys_opt_design"/>
    <Step Id="write_bitstream"/>
    <Step Id="write_device_image"/>
  </Strategy>
</GenRun>
